arith;1;arith;"Arithmetic quantities";ivoasem:UCDSyntaxCode(`Q)
arith.diff;1;arith.diff;"Difference between two quantities described by the same UCD";ivoasem:UCDSyntaxCode(`S)
arith.factor;1;arith.factor;"Numerical factor";ivoasem:UCDSyntaxCode(`P)
arith.grad;1;arith.grad;"Gradient";ivoasem:UCDSyntaxCode(`P)
arith.rate;1;arith.rate;"Rate (per time unit)";ivoasem:UCDSyntaxCode(`P)
arith.ratio;1;arith.ratio;"Ratio between two quantities described by the same UCD";ivoasem:UCDSyntaxCode(`S)
arith.squared;1;arith.squared;"Squared quantity";ivoasem:UCDSyntaxCode(`S)
arith.sum;1;arith.sum;"Summed or integrated quantity";ivoasem:UCDSyntaxCode(`S)
arith.variation;1;arith.variation;"Generic variation of a quantity";ivoasem:UCDSyntaxCode(`S)
arith.zp;1;arith.zp;"Zero point";ivoasem:UCDSyntaxCode(`Q)
em;1;em;"Electromagnetic spectrum";ivoasem:UCDSyntaxCode(`S)
em.IR;1;em.IR;"Infrared part of the spectrum";ivoasem:UCDSyntaxCode(`S)
em.IR.J;1;em.IR.J;"Infrared between 1.0 and 1.5 micron";ivoasem:UCDSyntaxCode(`S)
em.IR.H;1;em.IR.H;"Infrared between 1.5 and 2 micron";ivoasem:UCDSyntaxCode(`S)
em.IR.K;1;em.IR.K;"Infrared between 2 and 3 micron";ivoasem:UCDSyntaxCode(`S)
em.IR.3-4um;1;em.IR.3-4um;"Infrared between 3 and 4 micron";ivoasem:UCDSyntaxCode(`S)
em.IR.4-8um;1;em.IR.4-8um;"Infrared between 4 and 8 micron";ivoasem:UCDSyntaxCode(`S)
em.IR.8-15um;1;em.IR.8-15um;"Infrared between 8 and 15 micron";ivoasem:UCDSyntaxCode(`S)
em.IR.15-30um;1;em.IR.15-30um;"Infrared between 15 and 30 micron";ivoasem:UCDSyntaxCode(`S)
em.IR.30-60um;1;em.IR.30-60um;"Infrared between 30 and 60 micron";ivoasem:UCDSyntaxCode(`S)
em.IR.60-100um;1;em.IR.60-100um;"Infrared between 60 and 100 micron";ivoasem:UCDSyntaxCode(`S)
em.IR.NIR;1;em.IR.NIR;"Near-Infrared, 1-5 microns";ivoasem:UCDSyntaxCode(`S)
em.IR.MIR;1;em.IR.MIR;"Medium-Infrared, 5-30 microns";ivoasem:UCDSyntaxCode(`S)
em.IR.FIR;1;em.IR.FIR;"Far-Infrared, 30-100 microns";ivoasem:UCDSyntaxCode(`S)
em.UV;1;em.UV;"Ultraviolet part of the spectrum";ivoasem:UCDSyntaxCode(`S)
em.UV.10-50nm;1;em.UV.10-50nm;"Ultraviolet between 10 and 50 nm EUV extreme UV";ivoasem:UCDSyntaxCode(`S)
em.UV.50-100nm;1;em.UV.50-100nm;"Ultraviolet between 50 and 100 nm";ivoasem:UCDSyntaxCode(`S)
em.UV.100-200nm;1;em.UV.100-200nm;"Ultraviolet between 100 and 200 nm FUV Far UV";ivoasem:UCDSyntaxCode(`S)
em.UV.200-300nm;1;em.UV.200-300nm;"Ultraviolet between 200 and 300 nm NUV near UV";ivoasem:UCDSyntaxCode(`S)
em.X-ray;1;em.X-ray;"X-ray part of the spectrum";ivoasem:UCDSyntaxCode(`S)
em.X-ray.soft;1;em.X-ray.soft;"Soft X-ray (0.12 - 2 keV)";ivoasem:UCDSyntaxCode(`S)
em.X-ray.medium;1;em.X-ray.medium;"Medium X-ray (2 - 12 keV)";ivoasem:UCDSyntaxCode(`S)
em.X-ray.hard;1;em.X-ray.hard;"Hard X-ray (12 - 120 keV)";ivoasem:UCDSyntaxCode(`S)
em.bin;1;em.bin;"Channel / instrumental spectral bin coordinate (bin number)";ivoasem:UCDSyntaxCode(`Q)
em.energy;1;em.energy;"Energy value in the em frame";ivoasem:UCDSyntaxCode(`Q)
em.freq;1;em.freq;"Frequency value in the em frame";ivoasem:UCDSyntaxCode(`Q)
em.freq.cutoff;1;em.freq.cutoff;"cutoff frequency";ivoasem:UCDSyntaxCode(`Q)
em.freq.resonance;1;em.freq.resonance;"resonance frequency";ivoasem:UCDSyntaxCode(`Q)
em.gamma;1;em.gamma;"Gamma rays part of the spectrum";ivoasem:UCDSyntaxCode(`S)
em.gamma.soft;1;em.gamma.soft;"Soft gamma ray (120 - 500 keV)";ivoasem:UCDSyntaxCode(`S)
em.gamma.hard;1;em.gamma.hard;"Hard gamma ray (>500 keV)";ivoasem:UCDSyntaxCode(`S)
em.line;1;em.line;"Designation of major atomic lines";ivoasem:UCDSyntaxCode(`S)
em.line.HI;1;em.line.HI;"21cm hydrogen line";ivoasem:UCDSyntaxCode(`S)
em.line.Lyalpha;1;em.line.Lyalpha;"H-Lyalpha line";ivoasem:UCDSyntaxCode(`S)
em.line.Halpha;1;em.line.Halpha;"H-alpha line";ivoasem:UCDSyntaxCode(`S)
em.line.Hbeta;1;em.line.Hbeta;"H-beta line";ivoasem:UCDSyntaxCode(`S)
em.line.Hgamma;1;em.line.Hgamma;"H-gamma line";ivoasem:UCDSyntaxCode(`S)
em.line.Hdelta;1;em.line.Hdelta;"H-delta line";ivoasem:UCDSyntaxCode(`S)
em.line.Brgamma;1;em.line.Brgamma;"Bracket gamma line";ivoasem:UCDSyntaxCode(`S)
em.line.OIII;1;em.line.OIII;"[OIII] line whose rest wl is 500.7 nm";ivoasem:UCDSyntaxCode(`S)
em.line.CO;1;em.line.CO;"CO radio line, e.g., 12CO(1-0) at 115GHz";ivoasem:UCDSyntaxCode(`S)
em.mm;1;em.mm;"Millimetric/submillimetric part of the spectrum";ivoasem:UCDSyntaxCode(`S)
em.mm.30-50GHz;1;em.mm.30-50GHz;"Millimetric between 30 and 50 GHz";ivoasem:UCDSyntaxCode(`S)
em.mm.50-100GHz;1;em.mm.50-100GHz;"Millimetric between 50 and 100 GHz";ivoasem:UCDSyntaxCode(`S)
em.mm.100-200GHz;1;em.mm.100-200GHz;"Millimetric between 100 and 200 GHz";ivoasem:UCDSyntaxCode(`S)
em.mm.200-400GHz;1;em.mm.200-400GHz;"Millimetric between 200 and 400 GHz";ivoasem:UCDSyntaxCode(`S)
em.mm.400-750GHz;1;em.mm.400-750GHz;"Millimetric between 400 and 750 GHz";ivoasem:UCDSyntaxCode(`S)
em.mm.750-1500GHz;1;em.mm.750-1500GHz;"Millimetric between 750 and 1500 GHz";ivoasem:UCDSyntaxCode(`S)
em.mm.1500-3000GHz;1;em.mm.1500-3000GHz;"Millimetric between 1500 and 3000 GHz";ivoasem:UCDSyntaxCode(`S)
em.opt;1;em.opt;"Optical part of the spectrum";ivoasem:UCDSyntaxCode(`S)
em.opt.U;1;em.opt.U;"Optical band between 300 and 400 nm";ivoasem:UCDSyntaxCode(`S)
em.opt.B;1;em.opt.B;"Optical band between 400 and 500 nm";ivoasem:UCDSyntaxCode(`S)
em.opt.V;1;em.opt.V;"Optical band between 500 and 600 nm";ivoasem:UCDSyntaxCode(`S)
em.opt.R;1;em.opt.R;"Optical band between 600 and 750 nm";ivoasem:UCDSyntaxCode(`S)
em.opt.I;1;em.opt.I;"Optical band between 750 and 1000 nm";ivoasem:UCDSyntaxCode(`S)
em.pw;1;em.pw;"Plasma waves (trapped in local medium)";ivoasem:UCDSyntaxCode(`S)
em.radio;1;em.radio;"Radio part of the spectrum";ivoasem:UCDSyntaxCode(`S)
em.radio.20MHz;1;em.radio.20MHz;"Radio below 20 MHz";ivoasem:UCDSyntaxCode(`S)
em.radio.20-100MHz;1;em.radio.20-100MHz;"Radio between 20 and 100 MHz";ivoasem:UCDSyntaxCode(`S)
em.radio.100-200MHz;1;em.radio.100-200MHz;"Radio between 100 and 200 MHz";ivoasem:UCDSyntaxCode(`S)
em.radio.200-400MHz;1;em.radio.200-400MHz;"Radio between 200 and 400 MHz";ivoasem:UCDSyntaxCode(`S)
em.radio.400-750MHz;1;em.radio.400-750MHz;"Radio between 400 and 750 MHz";ivoasem:UCDSyntaxCode(`S)
em.radio.750-1500MHz;1;em.radio.750-1500MHz;"Radio between 750 and 1500 MHz";ivoasem:UCDSyntaxCode(`S)
em.radio.1500-3000MHz;1;em.radio.1500-3000MHz;"Radio between 1500 and 3000 MHz";ivoasem:UCDSyntaxCode(`S)
em.radio.3-6GHz;1;em.radio.3-6GHz;"Radio between 3 and 6 GHz";ivoasem:UCDSyntaxCode(`S)
em.radio.6-12GHz;1;em.radio.6-12GHz;"Radio between 6 and 12 GHz";ivoasem:UCDSyntaxCode(`S)
em.radio.12-30GHz;1;em.radio.12-30GHz;"Radio between 12 and 30 GHz";ivoasem:UCDSyntaxCode(`S)
em.wavenumber;1;em.wavenumber;"Wavenumber value in the em frame";ivoasem:UCDSyntaxCode(`Q)
em.wl;1;em.wl;"Wavelength value in the em frame";ivoasem:UCDSyntaxCode(`Q)
em.wl.central;1;em.wl.central;"Central wavelength";ivoasem:UCDSyntaxCode(`Q)
em.wl.effective;1;em.wl.effective;"Effective wavelength";ivoasem:UCDSyntaxCode(`Q)
instr;1;instr;"Instrument";ivoasem:UCDSyntaxCode(`Q)
instr.background;1;instr.background;"Instrumental background";ivoasem:UCDSyntaxCode(`E)
instr.bandpass;1;instr.bandpass;"Bandpass (e.g.: band name) of instrument";ivoasem:UCDSyntaxCode(`Q)
instr.bandwidth;1;instr.bandwidth;"Bandwidth of the instrument";ivoasem:UCDSyntaxCode(`Q)
instr.baseline;1;instr.baseline;"Baseline for interferometry";ivoasem:UCDSyntaxCode(`Q)
instr.beam;1;instr.beam;"Beam";ivoasem:UCDSyntaxCode(`S)
instr.calib;1;instr.calib;"Calibration parameter";ivoasem:UCDSyntaxCode(`Q)
instr.det;1;instr.det;"Detector";ivoasem:UCDSyntaxCode(`S)
instr.det.noise;1;instr.det.noise;"Instrument noise";ivoasem:UCDSyntaxCode(`Q)
instr.det.psf;1;instr.det.psf;"Point Spread Function";ivoasem:UCDSyntaxCode(`Q)
instr.det.qe;1;instr.det.qe;"Quantum efficiency";ivoasem:UCDSyntaxCode(`Q)
instr.dispersion;1;instr.dispersion;"Dispersion of a spectrograph";ivoasem:UCDSyntaxCode(`Q)
instr.experiment;1;instr.experiment;"Experiment or group of instruments";ivoasem:UCDSyntaxCode(`Q)
instr.filter;1;instr.filter;"Filter";ivoasem:UCDSyntaxCode(`S)
instr.fov;1;instr.fov;"Related to the field of view";ivoasem:UCDSyntaxCode(`S)
instr.obsty;1;instr.obsty;"Observatory, satellite, mission";ivoasem:UCDSyntaxCode(`S)
instr.obsty.seeing;1;instr.obsty.seeing;"Seeing";ivoasem:UCDSyntaxCode(`Q)
instr.offset;1;instr.offset;"Offset angle with respect to main direction of observation";ivoasem:UCDSyntaxCode(`Q)
instr.order;1;instr.order;"Spectral order in a spectrograph";ivoasem:UCDSyntaxCode(`Q)
instr.param;1;instr.param;"Various instrumental parameters";ivoasem:UCDSyntaxCode(`Q)
instr.pixel;1;instr.pixel;"Pixel (default size: angular)";ivoasem:UCDSyntaxCode(`S)
instr.plate;1;instr.plate;"Photographic plate";ivoasem:UCDSyntaxCode(`S)
instr.plate.emulsion;1;instr.plate.emulsion;"Plate emulsion";ivoasem:UCDSyntaxCode(`Q)
instr.precision;1;instr.precision;"Instrument precision";ivoasem:UCDSyntaxCode(`Q)
instr.rmsf;1;instr.rmsf;"Rotation Measure Spread Function";ivoasem:UCDSyntaxCode(`Q)
instr.saturation;1;instr.saturation;"Instrument saturation threshold";ivoasem:UCDSyntaxCode(`Q)
instr.scale;1;instr.scale;"Instrument scale (for CCD, plate, image)";ivoasem:UCDSyntaxCode(`Q)
instr.sensitivity;1;instr.sensitivity;"Instrument sensitivity, detection threshold";ivoasem:UCDSyntaxCode(`Q)
instr.setup;1;instr.setup;"Instrument configuration or setup";ivoasem:UCDSyntaxCode(`Q)
instr.skyLevel;1;instr.skyLevel;"Sky level";ivoasem:UCDSyntaxCode(`Q)
instr.skyTemp;1;instr.skyTemp;"Sky temperature";ivoasem:UCDSyntaxCode(`Q)
instr.tel;1;instr.tel;"Telescope";ivoasem:UCDSyntaxCode(`Q)
instr.tel.focalLength;1;instr.tel.focalLength;"Telescope focal length";ivoasem:UCDSyntaxCode(`Q)
instr.voxel;1;instr.voxel;"Related to a voxel (n-D volume element with n>2)";ivoasem:UCDSyntaxCode(`S)
meta;1;meta;"Metadata";ivoasem:UCDSyntaxCode(`P)
meta.abstract;1;meta.abstract;"Abstract (of paper, proposal, etc.)";ivoasem:UCDSyntaxCode(`P)
meta.bib;1;meta.bib;"Bibliographic reference";ivoasem:UCDSyntaxCode(`P)
meta.bib.author;1;meta.bib.author;"Author name";ivoasem:UCDSyntaxCode(`P)
meta.bib.bibcode;1;meta.bib.bibcode;"Bibcode";ivoasem:UCDSyntaxCode(`P)
meta.bib.fig;1;meta.bib.fig;"Figure in a paper";ivoasem:UCDSyntaxCode(`P)
meta.bib.journal;1;meta.bib.journal;"Journal name";ivoasem:UCDSyntaxCode(`P)
meta.bib.page;1;meta.bib.page;"Page number";ivoasem:UCDSyntaxCode(`P)
meta.bib.volume;1;meta.bib.volume;"Volume number";ivoasem:UCDSyntaxCode(`P)
meta.calibLevel;1;meta.calibLevel;"Processing/calibration level";ivoasem:UCDSyntaxCode(`Q)
meta.checksum;1;meta.checksum;"Numerical signature of digital data";ivoasem:UCDSyntaxCode(`Q)
meta.code;1;meta.code;"Code or flag";ivoasem:UCDSyntaxCode(`P)
meta.code.class;1;meta.code.class;"Classification code";ivoasem:UCDSyntaxCode(`P)
meta.code.error;1;meta.code.error;"Limit uncertainty error flag";ivoasem:UCDSyntaxCode(`P)
meta.code.member;1;meta.code.member;"Membership code";ivoasem:UCDSyntaxCode(`P)
meta.code.mime;1;meta.code.mime;"MIME type";ivoasem:UCDSyntaxCode(`P)
meta.code.multip;1;meta.code.multip;"Multiplicity or binarity flag";ivoasem:UCDSyntaxCode(`P)
meta.code.qual;1;meta.code.qual;"Quality, precision, reliability flag or code";ivoasem:UCDSyntaxCode(`P)
meta.code.status;1;meta.code.status;"Status code (e.g.: status of a proposal/observation)";ivoasem:UCDSyntaxCode(`P)
meta.cryptic;1;meta.cryptic;"Unknown or impossible to understand quantity";ivoasem:UCDSyntaxCode(`P)
meta.curation;1;meta.curation;"Parameter informing about the curation of the data";ivoasem:UCDSyntaxCode(`Q)
meta.dataset;1;meta.dataset;"Dataset";ivoasem:UCDSyntaxCode(`Q)
meta.email;1;meta.email;"Contact e-mail";ivoasem:UCDSyntaxCode(`Q)
meta.file;1;meta.file;"File";ivoasem:UCDSyntaxCode(`S)
meta.fits;1;meta.fits;"FITS standard";ivoasem:UCDSyntaxCode(`S)
meta.id;1;meta.id;"Identifier, name or designation";ivoasem:UCDSyntaxCode(`P)
meta.id.assoc;1;meta.id.assoc;"Identifier of associated counterpart";ivoasem:UCDSyntaxCode(`P)
meta.id.CoI;1;meta.id.CoI;"Name of Co-Investigator";ivoasem:UCDSyntaxCode(`P)
meta.id.cross;1;meta.id.cross;"Cross identification";ivoasem:UCDSyntaxCode(`P)
meta.id.parent;1;meta.id.parent;"Identification of parent source";ivoasem:UCDSyntaxCode(`P)
meta.id.part;1;meta.id.part;"Part of identifier, suffix or sub-component";ivoasem:UCDSyntaxCode(`P)
meta.id.PI;1;meta.id.PI;"Name of Principal Investigator or Co-PI";ivoasem:UCDSyntaxCode(`P)
meta.main;1;meta.main;"Main value of something";ivoasem:UCDSyntaxCode(`S)
meta.modelled;1;meta.modelled;"Quantity was produced by a model";ivoasem:UCDSyntaxCode(`S)
meta.note;1;meta.note;"Note or remark (longer than a code or flag)";ivoasem:UCDSyntaxCode(`P)
meta.number;1;meta.number;"Number (of things; e.g. nb of object in an image)";ivoasem:UCDSyntaxCode(`P)
meta.preview;1;meta.preview;"Related to a preview operation for a dataset";ivoasem:UCDSyntaxCode(`S)
meta.query;1;meta.query;"A query posed to an information system or database or a property of it";ivoasem:UCDSyntaxCode(`Q)
meta.record;1;meta.record;"Record number";ivoasem:UCDSyntaxCode(`P)
meta.ref;1;meta.ref;"Reference or origin";ivoasem:UCDSyntaxCode(`P)
meta.ref.doi;1;meta.ref.doi;"DOI identifier (dereferenceable)";ivoasem:UCDSyntaxCode(`P)
meta.ref.epic;1;meta.ref.epic;"ePIC identifier (dereferenceable)";ivoasem:UCDSyntaxCode(`P)
meta.ref.ivoid;1;meta.ref.ivoid;"Identifier as recommended  in the IVOA  (dereferenceable)";ivoasem:UCDSyntaxCode(`Q)
meta.ref.orcid;1;meta.ref.orcid;"ORCID identifier for people working in research (dereferenceable)";ivoasem:UCDSyntaxCode(`P)
meta.ref.pid;1;meta.ref.pid;"Generic Persistent Identifier (dereferenceable)";ivoasem:UCDSyntaxCode(`P)
meta.ref.rorid;1;meta.ref.rorid;"ROR unique and persistent identifier for research organizations";ivoasem:UCDSyntaxCode(`P)
meta.ref.uri;1;meta.ref.uri;"URI, universal resource identifier";ivoasem:UCDSyntaxCode(`P)
meta.ref.url;1;meta.ref.url;"URL, web address";ivoasem:UCDSyntaxCode(`P)
meta.software;1;meta.software;"Software used in generating data";ivoasem:UCDSyntaxCode(`S)
meta.table;1;meta.table;"Table or catalogue";ivoasem:UCDSyntaxCode(`S)
meta.title;1;meta.title;"Title or explanation";ivoasem:UCDSyntaxCode(`P)
meta.ucd;1;meta.ucd;"UCD";ivoasem:UCDSyntaxCode(`Q)
meta.unit;1;meta.unit;"Unit";ivoasem:UCDSyntaxCode(`P)
meta.version;1;meta.version;"Version";ivoasem:UCDSyntaxCode(`P)
obs;1;obs;"Observation";ivoasem:UCDSyntaxCode(`S)
obs.airMass;1;obs.airMass;"Airmass";ivoasem:UCDSyntaxCode(`Q)
obs.atmos;1;obs.atmos;"Atmosphere, atmospheric phenomena affecting an observation";ivoasem:UCDSyntaxCode(`S)
obs.atmos.extinction;1;obs.atmos.extinction;"Atmospheric extinction";ivoasem:UCDSyntaxCode(`Q)
obs.atmos.refractAngle;1;obs.atmos.refractAngle;"Atmospheric refraction angle";ivoasem:UCDSyntaxCode(`Q)
obs.calib;1;obs.calib;"Calibration observation";ivoasem:UCDSyntaxCode(`S)
obs.calib.flat;1;obs.calib.flat;"Related to flat-field calibration observation (dome, sky, ..)";ivoasem:UCDSyntaxCode(`S)
obs.calib.dark;1;obs.calib.dark;"Related to dark current calibration";ivoasem:UCDSyntaxCode(`S)
obs.exposure;1;obs.exposure;"Exposure";ivoasem:UCDSyntaxCode(`S)
obs.field;1;obs.field;"Region covered by the observation";ivoasem:UCDSyntaxCode(`S)
obs.image;1;obs.image;"Image";ivoasem:UCDSyntaxCode(`S)
obs.observer;1;obs.observer;"Observer, discoverer";ivoasem:UCDSyntaxCode(`Q)
obs.occult;1;obs.occult;"Observation of occultation phenomenon by solar system objects";ivoasem:UCDSyntaxCode(`S)
obs.transit;1;obs.transit;"Observation of transit phenomenon  : exo-planets";ivoasem:UCDSyntaxCode(`S)
obs.param;1;obs.param;"Various observation or reduction parameter";ivoasem:UCDSyntaxCode(`Q)
obs.proposal;1;obs.proposal;"Observation proposal";ivoasem:UCDSyntaxCode(`S)
obs.proposal.cycle;1;obs.proposal.cycle;"Proposal cycle";ivoasem:UCDSyntaxCode(`Q)
obs.sequence;1;obs.sequence;"Sequence of observations, exposures or events";ivoasem:UCDSyntaxCode(`S)
phot;1;phot;"Photometry";ivoasem:UCDSyntaxCode(`E)
phot.antennaTemp;1;phot.antennaTemp;"Antenna temperature";ivoasem:UCDSyntaxCode(`E)
phot.calib;1;phot.calib;"Photometric calibration";ivoasem:UCDSyntaxCode(`Q)
phot.color;1;phot.color;"Color index or magnitude difference";ivoasem:UCDSyntaxCode(`C)
phot.color.excess;1;phot.color.excess;"Color excess";ivoasem:UCDSyntaxCode(`Q)
phot.color.reddFree;1;phot.color.reddFree;"Dereddened color";ivoasem:UCDSyntaxCode(`Q)
phot.count;1;phot.count;"Flux expressed in counts";ivoasem:UCDSyntaxCode(`E)
phot.fluence;1;phot.fluence;"Radiant photon energy received by a surface per unit area or irradiance of a surface integrated over time of irradiation";ivoasem:UCDSyntaxCode(`E)
phot.flux;1;phot.flux;"Photon flux or irradiance";ivoasem:UCDSyntaxCode(`E)
phot.flux.bol;1;phot.flux.bol;"Bolometric flux";ivoasem:UCDSyntaxCode(`Q)
phot.flux.density;1;phot.flux.density;"Flux density (per wl/freq/energy interval)";ivoasem:UCDSyntaxCode(`E)
phot.flux.density.sb;1;phot.flux.density.sb;"Flux density surface brightness";ivoasem:UCDSyntaxCode(`E)
phot.flux.sb;1;phot.flux.sb;"Flux surface brightness";ivoasem:UCDSyntaxCode(`E)
phot.limbDark;1;phot.limbDark;"Limb-darkening coefficients";ivoasem:UCDSyntaxCode(`E)
phot.mag;1;phot.mag;"Photometric magnitude";ivoasem:UCDSyntaxCode(`E)
phot.mag.bc;1;phot.mag.bc;"Bolometric correction";ivoasem:UCDSyntaxCode(`E)
phot.mag.bol;1;phot.mag.bol;"Bolometric magnitude";ivoasem:UCDSyntaxCode(`Q)
phot.mag.distMod;1;phot.mag.distMod;"Distance modulus";ivoasem:UCDSyntaxCode(`Q)
phot.mag.reddFree;1;phot.mag.reddFree;"Dereddened magnitude";ivoasem:UCDSyntaxCode(`E)
phot.mag.sb;1;phot.mag.sb;"Surface brightness in magnitude units";ivoasem:UCDSyntaxCode(`E)
phot.radiance;1;phot.radiance;"Radiance as energy flux per solid angle";ivoasem:UCDSyntaxCode(`E)
phys;1;phys;"Physical quantities";ivoasem:UCDSyntaxCode(`Q)
phys.SFR;1;phys.SFR;"Star formation rate";ivoasem:UCDSyntaxCode(`Q)
phys.absorption;1;phys.absorption;"Extinction or absorption along the line of sight";ivoasem:UCDSyntaxCode(`E)
phys.absorption.coeff;1;phys.absorption.coeff;"Absorption coefficient (e.g. in a spectral line)";ivoasem:UCDSyntaxCode(`Q)
phys.absorption.gal;1;phys.absorption.gal;"Galactic extinction";ivoasem:UCDSyntaxCode(`Q)
phys.absorption.opticalDepth;1;phys.absorption.opticalDepth;"Optical depth";ivoasem:UCDSyntaxCode(`Q)
phys.abund;1;phys.abund;"Abundance";ivoasem:UCDSyntaxCode(`Q)
phys.abund.Fe;1;phys.abund.Fe;"Fe/H abundance";ivoasem:UCDSyntaxCode(`Q)
phys.abund.X;1;phys.abund.X;"Hydrogen abundance";ivoasem:UCDSyntaxCode(`Q)
phys.abund.Y;1;phys.abund.Y;"Helium abundance";ivoasem:UCDSyntaxCode(`Q)
phys.abund.Z;1;phys.abund.Z;"Metallicity abundance";ivoasem:UCDSyntaxCode(`Q)
phys.acceleration;1;phys.acceleration;"Acceleration";ivoasem:UCDSyntaxCode(`Q)
phys.aerosol;1;phys.aerosol;"Relative to aerosol";ivoasem:UCDSyntaxCode(`S)
phys.albedo;1;phys.albedo;"Albedo or reflectance";ivoasem:UCDSyntaxCode(`Q)
phys.angArea;1;phys.angArea;"Angular area";ivoasem:UCDSyntaxCode(`Q)
phys.angMomentum;1;phys.angMomentum;"Angular momentum";ivoasem:UCDSyntaxCode(`Q)
phys.angSize;1;phys.angSize;"Angular size width diameter dimension extension major minor axis extraction radius";ivoasem:UCDSyntaxCode(`E)
phys.angSize.smajAxis;1;phys.angSize.smajAxis;"Angular size extent or extension of semi-major axis";ivoasem:UCDSyntaxCode(`E)
phys.angSize.sminAxis;1;phys.angSize.sminAxis;"Angular size extent or extension of semi-minor axis";ivoasem:UCDSyntaxCode(`E)
phys.area;1;phys.area;"Area (in surface, not angular units)";ivoasem:UCDSyntaxCode(`Q)
phys.atmol;1;phys.atmol;"Atomic and molecular physics (shared properties)";ivoasem:UCDSyntaxCode(`S)
phys.atmol.branchingRatio;1;phys.atmol.branchingRatio;"Branching ratio";ivoasem:UCDSyntaxCode(`Q)
phys.atmol.collisional;1;phys.atmol.collisional;"Related to collisions";ivoasem:UCDSyntaxCode(`S)
phys.atmol.collStrength;1;phys.atmol.collStrength;"Collisional strength";ivoasem:UCDSyntaxCode(`Q)
phys.atmol.configuration;1;phys.atmol.configuration;"Configuration";ivoasem:UCDSyntaxCode(`Q)
phys.atmol.crossSection;1;phys.atmol.crossSection;"Atomic / molecular cross-section";ivoasem:UCDSyntaxCode(`Q)
phys.atmol.element;1;phys.atmol.element;"Element";ivoasem:UCDSyntaxCode(`Q)
phys.atmol.excitation;1;phys.atmol.excitation;"Atomic molecular excitation parameter";ivoasem:UCDSyntaxCode(`Q)
phys.atmol.final;1;phys.atmol.final;"Quantity refers to atomic/molecular final/ground state, level, etc.";ivoasem:UCDSyntaxCode(`Q)
phys.atmol.initial;1;phys.atmol.initial;"Quantity refers to atomic/molecular initial state, level, etc.";ivoasem:UCDSyntaxCode(`Q)
phys.atmol.ionStage;1;phys.atmol.ionStage;"Ion, ionization stage";ivoasem:UCDSyntaxCode(`Q)
phys.atmol.ionization;1;phys.atmol.ionization;"Related to ionization";ivoasem:UCDSyntaxCode(`S)
phys.atmol.lande;1;phys.atmol.lande;"Lande factor";ivoasem:UCDSyntaxCode(`Q)
phys.atmol.level;1;phys.atmol.level;"Atomic level";ivoasem:UCDSyntaxCode(`S)
phys.atmol.lifetime;1;phys.atmol.lifetime;"Lifetime of a level";ivoasem:UCDSyntaxCode(`Q)
phys.atmol.lineShift;1;phys.atmol.lineShift;"Line shifting coefficient";ivoasem:UCDSyntaxCode(`Q)
phys.atmol.number;1;phys.atmol.number;"Atomic number Z";ivoasem:UCDSyntaxCode(`Q)
phys.atmol.oscStrength;1;phys.atmol.oscStrength;"Oscillator strength";ivoasem:UCDSyntaxCode(`Q)
phys.atmol.parity;1;phys.atmol.parity;"Parity";ivoasem:UCDSyntaxCode(`Q)
phys.atmol.qn;1;phys.atmol.qn;"Quantum number";ivoasem:UCDSyntaxCode(`Q)
phys.atmol.radiationType;1;phys.atmol.radiationType;"Type of radiation characterizing atomic lines (electric dipole/quadrupole, magnetic dipole)";ivoasem:UCDSyntaxCode(`Q)
phys.atmol.symmetry;1;phys.atmol.symmetry;"Type of nuclear spin symmetry";ivoasem:UCDSyntaxCode(`Q)
phys.atmol.sWeight;1;phys.atmol.sWeight;"Statistical weight";ivoasem:UCDSyntaxCode(`Q)
phys.atmol.sWeight.nuclear;1;phys.atmol.sWeight.nuclear;"Statistical weight for nuclear spin states";ivoasem:UCDSyntaxCode(`Q)
phys.atmol.term;1;phys.atmol.term;"Atomic term";ivoasem:UCDSyntaxCode(`Q)
phys.atmol.transition;1;phys.atmol.transition;"Transition between states";ivoasem:UCDSyntaxCode(`S)
phys.atmol.transProb;1;phys.atmol.transProb;"Transition probability, Einstein A coefficient";ivoasem:UCDSyntaxCode(`Q)
phys.atmol.wOscStrength;1;phys.atmol.wOscStrength;"Weighted oscillator strength";ivoasem:UCDSyntaxCode(`Q)
phys.atmol.weight;1;phys.atmol.weight;"Atomic weight";ivoasem:UCDSyntaxCode(`Q)
phys.columnDensity;1;phys.columnDensity;"Column density";ivoasem:UCDSyntaxCode(`Q)
phys.composition;1;phys.composition;"Quantities related to composition of objects";ivoasem:UCDSyntaxCode(`S)
phys.composition.massLightRatio;1;phys.composition.massLightRatio;"Mass to light ratio";ivoasem:UCDSyntaxCode(`Q)
phys.composition.yield;1;phys.composition.yield;"Mass yield";ivoasem:UCDSyntaxCode(`Q)
phys.cosmology;1;phys.cosmology;"Related to cosmology";ivoasem:UCDSyntaxCode(`S)
phys.current;1;phys.current;"Electric current";ivoasem:UCDSyntaxCode(`Q)
phys.current.density;1;phys.current.density;"Electric current density";ivoasem:UCDSyntaxCode(`Q)
phys.damping;1;phys.damping;"Generic damping quantities";ivoasem:UCDSyntaxCode(`Q)
phys.density;1;phys.density;"Density (of mass, electron, ...)";ivoasem:UCDSyntaxCode(`Q)
phys.density.phaseSpace;1;phys.density.phaseSpace;"Density in the phase space";ivoasem:UCDSyntaxCode(`Q)
phys.dielectric;1;phys.dielectric;"Complex dielectric function";ivoasem:UCDSyntaxCode(`Q)
phys.dispMeasure;1;phys.dispMeasure;"Dispersion measure";ivoasem:UCDSyntaxCode(`Q)
phys.dust;1;phys.dust;"Relative to dust";ivoasem:UCDSyntaxCode(`S)
phys.electCharge;1;phys.electCharge;"Electric charge";ivoasem:UCDSyntaxCode(`Q)
phys.electField;1;phys.electField;"Electric field";ivoasem:UCDSyntaxCode(`V)
phys.electron;1;phys.electron;"Electron";ivoasem:UCDSyntaxCode(`S)
phys.electron.degen;1;phys.electron.degen;"Electron degeneracy parameter";ivoasem:UCDSyntaxCode(`Q)
phys.emissMeasure;1;phys.emissMeasure;"Emission measure";ivoasem:UCDSyntaxCode(`Q)
phys.emissivity;1;phys.emissivity;"Emissivity";ivoasem:UCDSyntaxCode(`Q)
phys.energy;1;phys.energy;"Energy";ivoasem:UCDSyntaxCode(`Q)
phys.energy.Gibbs;1;phys.energy.Gibbs;"Gibbs (free) energy or free enthalpy   [ G=H-TS ]";ivoasem:UCDSyntaxCode(`Q)
phys.energy.Helmholtz;1;phys.energy.Helmholtz;"Helmholtz free energy [ A=U-TS ]";ivoasem:UCDSyntaxCode(`Q)
phys.energy.density;1;phys.energy.density;"Energy density";ivoasem:UCDSyntaxCode(`Q)
phys.enthalpy;1;phys.enthalpy;"Enthalpy  [ H=U+pv ]";ivoasem:UCDSyntaxCode(`Q)
phys.entropy;1;phys.entropy;"Entropy";ivoasem:UCDSyntaxCode(`Q)
phys.eos;1;phys.eos;"Equation of state";ivoasem:UCDSyntaxCode(`Q)
phys.excitParam;1;phys.excitParam;"Excitation parameter U";ivoasem:UCDSyntaxCode(`Q)
phys.fluence;1;phys.fluence;"Particle energy received  by a surface per unit area and integrated over time";ivoasem:UCDSyntaxCode(`E)
phys.flux;1;phys.flux;"Flux or flow of particle, energy, etc.";ivoasem:UCDSyntaxCode(`Q)
phys.flux.energy;1;phys.flux.energy;"Energy flux, heat flux";ivoasem:UCDSyntaxCode(`Q)
phys.gauntFactor;1;phys.gauntFactor;"Gaunt factor/correction";ivoasem:UCDSyntaxCode(`Q)
phys.gravity;1;phys.gravity;"Gravity";ivoasem:UCDSyntaxCode(`Q)
phys.ionizParam;1;phys.ionizParam;"Ionization parameter";ivoasem:UCDSyntaxCode(`Q)
phys.ionizParam.coll;1;phys.ionizParam.coll;"Collisional ionization";ivoasem:UCDSyntaxCode(`Q)
phys.ionizParam.rad;1;phys.ionizParam.rad;"Radiative ionization";ivoasem:UCDSyntaxCode(`Q)
phys.luminosity;1;phys.luminosity;"Luminosity";ivoasem:UCDSyntaxCode(`E)
phys.luminosity.fun;1;phys.luminosity.fun;"Luminosity function";ivoasem:UCDSyntaxCode(`Q)
phys.magAbs;1;phys.magAbs;"Absolute magnitude";ivoasem:UCDSyntaxCode(`E)
phys.magAbs.bol;1;phys.magAbs.bol;"Bolometric absolute magnitude";ivoasem:UCDSyntaxCode(`Q)
phys.magField;1;phys.magField;"Magnetic field";ivoasem:UCDSyntaxCode(`V)
phys.mass;1;phys.mass;"Mass";ivoasem:UCDSyntaxCode(`Q)
phys.mass.inertiaMomentum;1;phys.mass.inertiaMomentum;"Momentum of inertia or rotational inertia";ivoasem:UCDSyntaxCode(`Q)
phys.mass.loss;1;phys.mass.loss;"Mass loss";ivoasem:UCDSyntaxCode(`Q)
phys.mol;1;phys.mol;"Molecular data";ivoasem:UCDSyntaxCode(`Q)
phys.mol.dipole;1;phys.mol.dipole;"Molecular dipole";ivoasem:UCDSyntaxCode(`Q)
phys.mol.dipole.electric;1;phys.mol.dipole.electric;"Molecular electric dipole moment";ivoasem:UCDSyntaxCode(`Q)
phys.mol.dipole.magnetic;1;phys.mol.dipole.magnetic;"Molecular magnetic dipole moment";ivoasem:UCDSyntaxCode(`Q)
phys.mol.dissociation;1;phys.mol.dissociation;"Molecular dissociation";ivoasem:UCDSyntaxCode(`Q)
phys.mol.formationHeat;1;phys.mol.formationHeat;"Formation heat for molecules";ivoasem:UCDSyntaxCode(`Q)
phys.mol.quadrupole;1;phys.mol.quadrupole;"Molecular quadrupole";ivoasem:UCDSyntaxCode(`Q)
phys.mol.quadrupole.electric;1;phys.mol.quadrupole.electric;"Molecular electric quadrupole moment";ivoasem:UCDSyntaxCode(`Q)
phys.mol.rotation;1;phys.mol.rotation;"Molecular rotation";ivoasem:UCDSyntaxCode(`S)
phys.mol.vibration;1;phys.mol.vibration;"Molecular vibration";ivoasem:UCDSyntaxCode(`S)
phys.particle;1;phys.particle;"Related to physical particles";ivoasem:UCDSyntaxCode(`S)
phys.particle.neutrino;1;phys.particle.neutrino;"Related to neutrino";ivoasem:UCDSyntaxCode(`S)
phys.particle.neutron;1;phys.particle.neutron;"Related to neutron";ivoasem:UCDSyntaxCode(`S)
phys.particle.proton;1;phys.particle.proton;"Related to proton";ivoasem:UCDSyntaxCode(`S)
phys.particle.alpha;1;phys.particle.alpha;"Related to alpha particle";ivoasem:UCDSyntaxCode(`S)
phys.phaseSpace;1;phys.phaseSpace;"Related to phase space";ivoasem:UCDSyntaxCode(`S)
phys.polarization;1;phys.polarization;"Polarization degree (or percentage)";ivoasem:UCDSyntaxCode(`E)
phys.polarization.circular;1;phys.polarization.circular;"Circular polarization";ivoasem:UCDSyntaxCode(`Q)
phys.polarization.coherency;1;phys.polarization.coherency;"Matrix of the correlation between components of an electromagnetic wave";ivoasem:UCDSyntaxCode(`Q)
phys.polarization.linear;1;phys.polarization.linear;"Linear polarization";ivoasem:UCDSyntaxCode(`Q)
phys.polarization.rotMeasure;1;phys.polarization.rotMeasure;"Rotation measure polarization";ivoasem:UCDSyntaxCode(`Q)
phys.polarization.stokes;1;phys.polarization.stokes;"Stokes polarization";ivoasem:UCDSyntaxCode(`Q)
phys.polarization.stokes.I;1;phys.polarization.stokes.I;"Stokes polarization coefficient I";ivoasem:UCDSyntaxCode(`Q)
phys.polarization.stokes.Q;1;phys.polarization.stokes.Q;"Stokes polarization coefficient Q";ivoasem:UCDSyntaxCode(`Q)
phys.polarization.stokes.U;1;phys.polarization.stokes.U;"Stokes polarization coefficient U";ivoasem:UCDSyntaxCode(`Q)
phys.polarization.stokes.V;1;phys.polarization.stokes.V;"Stokes polarization coefficient V";ivoasem:UCDSyntaxCode(`Q)
phys.potential;1;phys.potential;"Potential (electric, gravitational, etc.)";ivoasem:UCDSyntaxCode(`Q)
phys.pressure;1;phys.pressure;"Pressure";ivoasem:UCDSyntaxCode(`Q)
phys.recombination.coeff;1;phys.recombination.coeff;"Recombination coefficient";ivoasem:UCDSyntaxCode(`Q)
phys.reflectance;1;phys.reflectance;"Radiance factor (received radiance divided by input radiance)";ivoasem:UCDSyntaxCode(`Q)
phys.reflectance.bidirectional;1;phys.reflectance.bidirectional;"Bidirectional reflectance";ivoasem:UCDSyntaxCode(`Q)
phys.reflectance.bidirectional.df;1;phys.reflectance.bidirectional.df;"Bidirectional reflectance distribution function";ivoasem:UCDSyntaxCode(`Q)
phys.reflectance.factor;1;phys.reflectance.factor;"Reflectance normalized per direction cosine of incidence angle";ivoasem:UCDSyntaxCode(`Q)
phys.refractIndex;1;phys.refractIndex;"Refraction index";ivoasem:UCDSyntaxCode(`Q)
phys.size;1;phys.size;"Linear size, length (not angular) in length units or bytes";ivoasem:UCDSyntaxCode(`Q)
phys.size.axisRatio;1;phys.size.axisRatio;"Axis ratio (a/b) or (b/a)";ivoasem:UCDSyntaxCode(`Q)
phys.size.diameter;1;phys.size.diameter;"Diameter";ivoasem:UCDSyntaxCode(`Q)
phys.size.radius;1;phys.size.radius;"Radius";ivoasem:UCDSyntaxCode(`Q)
phys.size.smajAxis;1;phys.size.smajAxis;"Linear semi major axis";ivoasem:UCDSyntaxCode(`Q)
phys.size.sminAxis;1;phys.size.sminAxis;"Linear semi minor axis";ivoasem:UCDSyntaxCode(`Q)
phys.size.smedAxis;1;phys.size.smedAxis;"Linear semi median axis for 3D ellipsoids";ivoasem:UCDSyntaxCode(`Q)
phys.temperature;1;phys.temperature;"Temperature";ivoasem:UCDSyntaxCode(`Q)
phys.temperature.effective;1;phys.temperature.effective;"Effective temperature";ivoasem:UCDSyntaxCode(`Q)
phys.temperature.electron;1;phys.temperature.electron;"Electron temperature";ivoasem:UCDSyntaxCode(`Q)
phys.transmission;1;phys.transmission;"Transmission (of filter, instrument, ...)";ivoasem:UCDSyntaxCode(`Q)
phys.veloc;1;phys.veloc;"Space velocity";ivoasem:UCDSyntaxCode(`V)
phys.veloc.ang;1;phys.veloc.ang;"Angular velocity";ivoasem:UCDSyntaxCode(`Q)
phys.veloc.dispersion;1;phys.veloc.dispersion;"Velocity dispersion";ivoasem:UCDSyntaxCode(`Q)
phys.veloc.escape;1;phys.veloc.escape;"Escape velocity";ivoasem:UCDSyntaxCode(`Q)
phys.veloc.expansion;1;phys.veloc.expansion;"Expansion velocity";ivoasem:UCDSyntaxCode(`Q)
phys.veloc.microTurb;1;phys.veloc.microTurb;"Microturbulence velocity";ivoasem:UCDSyntaxCode(`Q)
phys.veloc.orbital;1;phys.veloc.orbital;"Orbital velocity";ivoasem:UCDSyntaxCode(`Q)
phys.veloc.pulsat;1;phys.veloc.pulsat;"Pulsational velocity";ivoasem:UCDSyntaxCode(`Q)
phys.veloc.rotat;1;phys.veloc.rotat;"Rotational velocity";ivoasem:UCDSyntaxCode(`Q)
phys.veloc.transverse;1;phys.veloc.transverse;"Transverse / tangential velocity";ivoasem:UCDSyntaxCode(`Q)
phys.virial;1;phys.virial;"Related to virial quantities (mass, radius, ...)";ivoasem:UCDSyntaxCode(`S)
phys.volume;1;phys.volume;"Volume (in cubic units)";ivoasem:UCDSyntaxCode(`Q)
pos;1;pos;"Position and coordinates";ivoasem:UCDSyntaxCode(`Q)
pos.angDistance;1;pos.angDistance;"Angular distance, elongation";ivoasem:UCDSyntaxCode(`Q)
pos.angResolution;1;pos.angResolution;"Angular resolution";ivoasem:UCDSyntaxCode(`Q)
pos.az;1;pos.az;"Position in alt-azimuthal frame";ivoasem:UCDSyntaxCode(`Q)
pos.az.alt;1;pos.az.alt;"Alt-azimuthal altitude";ivoasem:UCDSyntaxCode(`Q)
pos.az.azi;1;pos.az.azi;"Alt-azimuthal azimuth";ivoasem:UCDSyntaxCode(`Q)
pos.az.zd;1;pos.az.zd;"Alt-azimuthal zenith distance";ivoasem:UCDSyntaxCode(`Q)
pos.azimuth;1;pos.azimuth;"Azimuthal angle in a generic reference plane";ivoasem:UCDSyntaxCode(`Q)
pos.barycenter;1;pos.barycenter;"Barycenter";ivoasem:UCDSyntaxCode(`S)
pos.bodycentric;1;pos.bodycentric;"Body-centric related coordinate";ivoasem:UCDSyntaxCode(`S)
pos.bodygraphic;1;pos.bodygraphic;"Body-graphic related coordinate";ivoasem:UCDSyntaxCode(`S)
pos.bodyrc;1;pos.bodyrc;"Body related coordinates";ivoasem:UCDSyntaxCode(`S)
pos.bodyrc.alt;1;pos.bodyrc.alt;"Body related coordinate (altitude on the body)";ivoasem:UCDSyntaxCode(`Q)
pos.bodyrc.lat;1;pos.bodyrc.lat;"Body related coordinate (latitude on the body)";ivoasem:UCDSyntaxCode(`Q)
pos.bodyrc.lon;1;pos.bodyrc.lon;"Body related coordinate (longitude on the body)";ivoasem:UCDSyntaxCode(`Q)
pos.cartesian;1;pos.cartesian;"Cartesian (rectangular) coordinates";ivoasem:UCDSyntaxCode(`S)
pos.cartesian.x;1;pos.cartesian.x;"Cartesian coordinate along the x-axis";ivoasem:UCDSyntaxCode(`Q)
pos.cartesian.y;1;pos.cartesian.y;"Cartesian coordinate along the y-axis";ivoasem:UCDSyntaxCode(`Q)
pos.cartesian.z;1;pos.cartesian.z;"Cartesian coordinate along the z-axis";ivoasem:UCDSyntaxCode(`Q)
pos.centroid;1;pos.centroid;"Related to centroid position";ivoasem:UCDSyntaxCode(`S)
pos.cmb;1;pos.cmb;"Cosmic Microwave Background reference frame";ivoasem:UCDSyntaxCode(`S)
pos.cylindrical;1;pos.cylindrical;"Related to cylindrical coordinates";ivoasem:UCDSyntaxCode(`S)
pos.cylindrical.azi;1;pos.cylindrical.azi;"Azimuthal angle around z-axis (cylindrical coordinates)";ivoasem:UCDSyntaxCode(`Q)
pos.cylindrical.r;1;pos.cylindrical.r;"Radial distance from z-axis (cylindrical coordinates)";ivoasem:UCDSyntaxCode(`Q)
pos.cylindrical.z;1;pos.cylindrical.z;"Height or altitude from reference plane (cylindrical coordinates)";ivoasem:UCDSyntaxCode(`Q)
pos.dirCos;1;pos.dirCos;"Direction cosine";ivoasem:UCDSyntaxCode(`Q)
pos.distance;1;pos.distance;"Linear distance";ivoasem:UCDSyntaxCode(`V)
pos.earth;1;pos.earth;"Coordinates related to Earth";ivoasem:UCDSyntaxCode(`S)
pos.earth.altitude;1;pos.earth.altitude;"Altitude, height on Earth  above sea level";ivoasem:UCDSyntaxCode(`Q)
pos.earth.lat;1;pos.earth.lat;"Latitude on Earth";ivoasem:UCDSyntaxCode(`Q)
pos.earth.lon;1;pos.earth.lon;"Longitude on Earth";ivoasem:UCDSyntaxCode(`Q)
pos.ecliptic;1;pos.ecliptic;"Ecliptic coordinates";ivoasem:UCDSyntaxCode(`S)
pos.ecliptic.lat;1;pos.ecliptic.lat;"Ecliptic latitude";ivoasem:UCDSyntaxCode(`Q)
pos.ecliptic.lon;1;pos.ecliptic.lon;"Ecliptic longitude";ivoasem:UCDSyntaxCode(`Q)
pos.emergenceAng;1;pos.emergenceAng;"Emergence angle of optical ray on an interface";ivoasem:UCDSyntaxCode(`Q)
pos.eop;1;pos.eop;"Earth orientation parameters";ivoasem:UCDSyntaxCode(`S)
pos.ephem;1;pos.ephem;"Ephemeris";ivoasem:UCDSyntaxCode(`Q)
pos.eq;1;pos.eq;"Equatorial coordinates";ivoasem:UCDSyntaxCode(`Q)
pos.eq.dec;1;pos.eq.dec;"Declination in equatorial coordinates";ivoasem:UCDSyntaxCode(`Q)
pos.eq.ha;1;pos.eq.ha;"Hour-angle";ivoasem:UCDSyntaxCode(`Q)
pos.eq.ra;1;pos.eq.ra;"Right ascension in equatorial coordinates";ivoasem:UCDSyntaxCode(`Q)
pos.eq.spd;1;pos.eq.spd;"South polar distance in equatorial coordinates";ivoasem:UCDSyntaxCode(`Q)
pos.errorEllipse;1;pos.errorEllipse;"Positional error ellipse";ivoasem:UCDSyntaxCode(`S)
pos.frame;1;pos.frame;"Reference frame used for positions";ivoasem:UCDSyntaxCode(`Q)
pos.galactic;1;pos.galactic;"Galactic coordinates";ivoasem:UCDSyntaxCode(`S)
pos.galactic.lat;1;pos.galactic.lat;"Latitude in galactic coordinates";ivoasem:UCDSyntaxCode(`Q)
pos.galactic.lon;1;pos.galactic.lon;"Longitude in galactic coordinates";ivoasem:UCDSyntaxCode(`Q)
pos.galactocentric;1;pos.galactocentric;"Galactocentric coordinate system";ivoasem:UCDSyntaxCode(`S)
pos.geocentric;1;pos.geocentric;"Geocentric coordinate system";ivoasem:UCDSyntaxCode(`S)
pos.healpix;1;pos.healpix;"Hierarchical Equal Area IsoLatitude Pixelization";ivoasem:UCDSyntaxCode(`Q)
pos.heliocentric;1;pos.heliocentric;"Heliocentric position coordinate (solar system bodies)";ivoasem:UCDSyntaxCode(`S)
pos.HTM;1;pos.HTM;"Hierarchical Triangular Mesh";ivoasem:UCDSyntaxCode(`Q)
pos.incidenceAng;1;pos.incidenceAng;"Incidence angle of optical ray on an interface";ivoasem:UCDSyntaxCode(`Q)
pos.lambert;1;pos.lambert;"Lambert projection";ivoasem:UCDSyntaxCode(`S)
pos.lg;1;pos.lg;"Local Group reference frame";ivoasem:UCDSyntaxCode(`S)
pos.lsr;1;pos.lsr;"Local Standard of Rest reference frame";ivoasem:UCDSyntaxCode(`S)
pos.lunar;1;pos.lunar;"Lunar coordinates";ivoasem:UCDSyntaxCode(`Q)
pos.lunar.occult;1;pos.lunar.occult;"Occultation by lunar limb";ivoasem:UCDSyntaxCode(`Q)
pos.nutation;1;pos.nutation;"Nutation (of a body)";ivoasem:UCDSyntaxCode(`Q)
pos.outline;1;pos.outline;"Set of points outlining a region (contour)";ivoasem:UCDSyntaxCode(`Q)
pos.parallax;1;pos.parallax;"Parallax";ivoasem:UCDSyntaxCode(`Q)
pos.parallax.dyn;1;pos.parallax.dyn;"Dynamical parallax";ivoasem:UCDSyntaxCode(`Q)
pos.parallax.phot;1;pos.parallax.phot;"Photometric parallaxes";ivoasem:UCDSyntaxCode(`Q)
pos.parallax.spect;1;pos.parallax.spect;"Spectroscopic parallax";ivoasem:UCDSyntaxCode(`Q)
pos.parallax.trig;1;pos.parallax.trig;"Trigonometric parallax";ivoasem:UCDSyntaxCode(`Q)
pos.phaseAng;1;pos.phaseAng;"Phase angle, e.g. elongation of earth from sun as seen from a third celestial object";ivoasem:UCDSyntaxCode(`Q)
pos.pm;1;pos.pm;"Proper motion";ivoasem:UCDSyntaxCode(`V)
pos.posAng;1;pos.posAng;"Position angle of a given vector";ivoasem:UCDSyntaxCode(`Q)
pos.precess;1;pos.precess;"Precession (in equatorial coordinates)";ivoasem:UCDSyntaxCode(`V)
pos.resolution;1;pos.resolution;"Spatial linear resolution (not angular)";ivoasem:UCDSyntaxCode(`Q)
pos.spherical;1;pos.spherical;"Related to spherical coordinates";ivoasem:UCDSyntaxCode(`S)
pos.spherical.azi;1;pos.spherical.azi;"Azimuthal angle (spherical coordinates)";ivoasem:UCDSyntaxCode(`Q)
pos.spherical.colat;1;pos.spherical.colat;"Polar or Colatitude angle (spherical coordinates)";ivoasem:UCDSyntaxCode(`Q)
pos.spherical.r;1;pos.spherical.r;"Radial distance or radius (spherical coordinates)";ivoasem:UCDSyntaxCode(`Q)
pos.supergalactic;1;pos.supergalactic;"Supergalactic coordinates";ivoasem:UCDSyntaxCode(`S)
pos.supergalactic.lat;1;pos.supergalactic.lat;"Latitude in supergalactic coordinates";ivoasem:UCDSyntaxCode(`Q)
pos.supergalactic.lon;1;pos.supergalactic.lon;"Longitude in supergalactic coordinates";ivoasem:UCDSyntaxCode(`Q)
pos.wcs;1;pos.wcs;"WCS keywords";ivoasem:UCDSyntaxCode(`P)
pos.wcs.cdmatrix;1;pos.wcs.cdmatrix;"WCS CDMATRIX";ivoasem:UCDSyntaxCode(`P)
pos.wcs.crpix;1;pos.wcs.crpix;"WCS CRPIX";ivoasem:UCDSyntaxCode(`P)
pos.wcs.crval;1;pos.wcs.crval;"WCS CRVAL";ivoasem:UCDSyntaxCode(`P)
pos.wcs.ctype;1;pos.wcs.ctype;"WCS CTYPE";ivoasem:UCDSyntaxCode(`P)
pos.wcs.naxes;1;pos.wcs.naxes;"WCS NAXES";ivoasem:UCDSyntaxCode(`P)
pos.wcs.naxis;1;pos.wcs.naxis;"WCS NAXIS";ivoasem:UCDSyntaxCode(`P)
pos.wcs.scale;1;pos.wcs.scale;"WCS scale or scale of an image";ivoasem:UCDSyntaxCode(`P)
spect;1;spect;"Spectroscopy";ivoasem:UCDSyntaxCode(`Q)
spect.binSize;1;spect.binSize;"Spectral bin size";ivoasem:UCDSyntaxCode(`Q)
spect.continuum;1;spect.continuum;"Continuum spectrum";ivoasem:UCDSyntaxCode(`S)
spect.dopplerParam;1;spect.dopplerParam;"Doppler parameter b";ivoasem:UCDSyntaxCode(`Q)
spect.dopplerVeloc;1;spect.dopplerVeloc;"Radial velocity, derived from the shift of some spectral feature";ivoasem:UCDSyntaxCode(`E)
spect.dopplerVeloc.opt;1;spect.dopplerVeloc.opt;"Radial velocity derived from a wavelength shift using the optical convention";ivoasem:UCDSyntaxCode(`E)
spect.dopplerVeloc.radio;1;spect.dopplerVeloc.radio;"Radial velocity derived from a frequency shift using the radio convention";ivoasem:UCDSyntaxCode(`E)
spect.index;1;spect.index;"Spectral index";ivoasem:UCDSyntaxCode(`E)
spect.line;1;spect.line;"Spectral line";ivoasem:UCDSyntaxCode(`S)
spect.line.asymmetry;1;spect.line.asymmetry;"Line asymmetry";ivoasem:UCDSyntaxCode(`E)
spect.line.broad;1;spect.line.broad;"Spectral line broadening";ivoasem:UCDSyntaxCode(`E)
spect.line.broad.Stark;1;spect.line.broad.Stark;"Stark line broadening coefficient";ivoasem:UCDSyntaxCode(`Q)
spect.line.broad.Zeeman;1;spect.line.broad.Zeeman;"Zeeman broadening";ivoasem:UCDSyntaxCode(`E)
spect.line.eqWidth;1;spect.line.eqWidth;"Line equivalent width";ivoasem:UCDSyntaxCode(`E)
spect.line.intensity;1;spect.line.intensity;"Line intensity";ivoasem:UCDSyntaxCode(`E)
spect.line.profile;1;spect.line.profile;"Line profile";ivoasem:UCDSyntaxCode(`E)
spect.line.strength;1;spect.line.strength;"Spectral line strength S";ivoasem:UCDSyntaxCode(`Q)
spect.line.width;1;spect.line.width;"Spectral line full width half maximum";ivoasem:UCDSyntaxCode(`E)
spect.resolution;1;spect.resolution;"Spectral (or velocity) resolution";ivoasem:UCDSyntaxCode(`Q)
src;1;src;"Observed source viewed on the sky";ivoasem:UCDSyntaxCode(`S)
src.calib;1;src.calib;"Calibration source";ivoasem:UCDSyntaxCode(`S)
src.calib.guideStar;1;src.calib.guideStar;"Guide star";ivoasem:UCDSyntaxCode(`S)
src.class;1;src.class;"Source classification (star, galaxy, cluster, comet, asteroid )";ivoasem:UCDSyntaxCode(`Q)
src.class.color;1;src.class.color;"Color classification";ivoasem:UCDSyntaxCode(`Q)
src.class.distance;1;src.class.distance;"Distance class e.g. Abell";ivoasem:UCDSyntaxCode(`Q)
src.class.luminosity;1;src.class.luminosity;"Luminosity class";ivoasem:UCDSyntaxCode(`Q)
src.class.richness;1;src.class.richness;"Richness class e.g. Abell";ivoasem:UCDSyntaxCode(`Q)
src.class.starGalaxy;1;src.class.starGalaxy;"Star/galaxy discriminator, stellarity index";ivoasem:UCDSyntaxCode(`Q)
src.class.struct;1;src.class.struct;"Structure classification e.g. Bautz-Morgan";ivoasem:UCDSyntaxCode(`Q)
src.density;1;src.density;"Density of sources";ivoasem:UCDSyntaxCode(`Q)
src.ellipticity;1;src.ellipticity;"Source ellipticity";ivoasem:UCDSyntaxCode(`Q)
src.impactParam;1;src.impactParam;"Impact parameter";ivoasem:UCDSyntaxCode(`Q)
src.morph;1;src.morph;"Morphology structure";ivoasem:UCDSyntaxCode(`Q)
src.morph.param;1;src.morph.param;"Morphological parameter";ivoasem:UCDSyntaxCode(`Q)
src.morph.scLength;1;src.morph.scLength;"Scale length for a galactic component (disc or bulge)";ivoasem:UCDSyntaxCode(`Q)
src.morph.type;1;src.morph.type;"Hubble morphological type (galaxies)";ivoasem:UCDSyntaxCode(`Q)
src.net;1;src.net;"Qualifier indicating that a quantity (e.g. flux) is background subtracted rather than total";ivoasem:UCDSyntaxCode(`S)
src.orbital;1;src.orbital;"Orbital parameters";ivoasem:UCDSyntaxCode(`Q)
src.orbital.eccentricity;1;src.orbital.eccentricity;"Orbit eccentricity";ivoasem:UCDSyntaxCode(`Q)
src.orbital.inclination;1;src.orbital.inclination;"Orbit inclination";ivoasem:UCDSyntaxCode(`Q)
src.orbital.meanAnomaly;1;src.orbital.meanAnomaly;"Orbit mean anomaly";ivoasem:UCDSyntaxCode(`Q)
src.orbital.meanMotion;1;src.orbital.meanMotion;"Mean motion";ivoasem:UCDSyntaxCode(`Q)
src.orbital.node;1;src.orbital.node;"Ascending node";ivoasem:UCDSyntaxCode(`Q)
src.orbital.periastron;1;src.orbital.periastron;"Periastron";ivoasem:UCDSyntaxCode(`Q)
src.orbital.Tisserand;1;src.orbital.Tisserand;"Tisserand parameter (generic)";ivoasem:UCDSyntaxCode(`Q)
src.orbital.TissJ;1;src.orbital.TissJ;"Tisserand parameter with respect to Jupiter";ivoasem:UCDSyntaxCode(`Q)
src.redshift;1;src.redshift;"Redshift";ivoasem:UCDSyntaxCode(`Q)
src.redshift.phot;1;src.redshift.phot;"Photometric redshift";ivoasem:UCDSyntaxCode(`Q)
src.sample;1;src.sample;"Sample";ivoasem:UCDSyntaxCode(`Q)
src.spType;1;src.spType;"Spectral type MK";ivoasem:UCDSyntaxCode(`Q)
src.var;1;src.var;"Variability of source";ivoasem:UCDSyntaxCode(`Q)
src.var.amplitude;1;src.var.amplitude;"Amplitude of variation";ivoasem:UCDSyntaxCode(`E)
src.var.index;1;src.var.index;"Variability index";ivoasem:UCDSyntaxCode(`Q)
src.var.pulse;1;src.var.pulse;"Pulse";ivoasem:UCDSyntaxCode(`Q)
stat;1;stat;"Statistical parameters";ivoasem:UCDSyntaxCode(`Q)
stat.asymmetry;1;stat.asymmetry;"Measure of asymmetry";ivoasem:UCDSyntaxCode(`Q)
stat.correlation;1;stat.correlation;"Correlation between two parameters";ivoasem:UCDSyntaxCode(`P)
stat.covariance;1;stat.covariance;"Covariance between two parameters";ivoasem:UCDSyntaxCode(`P)
stat.error;1;stat.error;"Statistical error";ivoasem:UCDSyntaxCode(`P)
stat.error.sys;1;stat.error.sys;"Systematic error";ivoasem:UCDSyntaxCode(`P)
stat.filling;1;stat.filling;"Filling factor (volume, time, ...)";ivoasem:UCDSyntaxCode(`Q)
stat.fit;1;stat.fit;"Fit";ivoasem:UCDSyntaxCode(`Q)
stat.fit.chi2;1;stat.fit.chi2;"Chi2";ivoasem:UCDSyntaxCode(`P)
stat.fit.dof;1;stat.fit.dof;"Degrees of freedom";ivoasem:UCDSyntaxCode(`P)
stat.fit.goodness;1;stat.fit.goodness;"Goodness or significance of fit";ivoasem:UCDSyntaxCode(`P)
stat.fit.omc;1;stat.fit.omc;"Observed minus computed";ivoasem:UCDSyntaxCode(`S)
stat.fit.param;1;stat.fit.param;"Parameter of fit";ivoasem:UCDSyntaxCode(`Q)
stat.fit.residual;1;stat.fit.residual;"Residual fit";ivoasem:UCDSyntaxCode(`P)
stat.Fourier;1;stat.Fourier;"Fourier coefficient";ivoasem:UCDSyntaxCode(`Q)
stat.Fourier.amplitude;1;stat.Fourier.amplitude;"Amplitude of Fourier coefficient";ivoasem:UCDSyntaxCode(`Q)
stat.fwhm;1;stat.fwhm;"Full width at half maximum";ivoasem:UCDSyntaxCode(`S)
stat.interval;1;stat.interval;"Generic interval between two limits (defined as a pair of values)";ivoasem:UCDSyntaxCode(`S)
stat.kurtosis;1;stat.kurtosis;"Kurtosis of a probability distribution (Fourth moment)";ivoasem:UCDSyntaxCode(`P)
stat.likelihood;1;stat.likelihood;"Likelihood";ivoasem:UCDSyntaxCode(`P)
stat.mad;1;stat.mad;"Median absolute deviation from median value in a univariate data sample";ivoasem:UCDSyntaxCode(`P)
stat.max;1;stat.max;"Maximum or upper limit";ivoasem:UCDSyntaxCode(`S)
stat.mean;1;stat.mean;"Mean, average value";ivoasem:UCDSyntaxCode(`S)
stat.median;1;stat.median;"Median value";ivoasem:UCDSyntaxCode(`S)
stat.min;1;stat.min;"Minimum or lowest limit";ivoasem:UCDSyntaxCode(`S)
stat.param;1;stat.param;"Parameter";ivoasem:UCDSyntaxCode(`Q)
stat.percentile;1;stat.percentile;"Percentile of a statistical distribution";ivoasem:UCDSyntaxCode(`Q)
stat.probability;1;stat.probability;"Probability";ivoasem:UCDSyntaxCode(`Q)
stat.rank;1;stat.rank;"Rank or order in list of sorted values";ivoasem:UCDSyntaxCode(`P)
stat.rms;1;stat.rms;"Root mean square as square root of sum of squared values or quadratic mean";ivoasem:UCDSyntaxCode(`P)
stat.skewness;1;stat.skewness;"Skewness of a probability distribution (third moment)";ivoasem:UCDSyntaxCode(`P)
stat.snr;1;stat.snr;"Signal to noise ratio";ivoasem:UCDSyntaxCode(`P)
stat.stdev;1;stat.stdev;"Standard deviation as the square root of the variance";ivoasem:UCDSyntaxCode(`P)
stat.uncalib;1;stat.uncalib;"Qualifier of a generic uncalibrated quantity";ivoasem:UCDSyntaxCode(`S)
stat.value;1;stat.value;"Miscellaneous value";ivoasem:UCDSyntaxCode(`Q)
stat.variance;1;stat.variance;"Variance";ivoasem:UCDSyntaxCode(`P)
stat.weight;1;stat.weight;"Statistical weight";ivoasem:UCDSyntaxCode(`P)
time;1;time;"Time, generic quantity in units of time or date";ivoasem:UCDSyntaxCode(`Q)
time.age;1;time.age;"Age";ivoasem:UCDSyntaxCode(`Q)
time.creation;1;time.creation;"Creation time/date (of dataset, file, catalogue,...)";ivoasem:UCDSyntaxCode(`Q)
time.crossing;1;time.crossing;"Crossing time";ivoasem:UCDSyntaxCode(`Q)
time.duration;1;time.duration;"Interval of time describing the duration of a generic event or phenomenon";ivoasem:UCDSyntaxCode(`Q)
time.end;1;time.end;"End time/date of a generic event";ivoasem:UCDSyntaxCode(`Q)
time.epoch;1;time.epoch;"Instant of time related to a generic event (epoch, date, Julian date, time stamp/tag,...)";ivoasem:UCDSyntaxCode(`Q)
time.equinox;1;time.equinox;"Equinox";ivoasem:UCDSyntaxCode(`Q)
time.interval;1;time.interval;"Time interval, time-bin, time elapsed between two events, not the duration of an event";ivoasem:UCDSyntaxCode(`Q)
time.lifetime;1;time.lifetime;"Lifetime";ivoasem:UCDSyntaxCode(`Q)
time.period;1;time.period;"Period, interval of time between the recurrence of phases in a periodic phenomenon";ivoasem:UCDSyntaxCode(`Q)
time.period.revolution;1;time.period.revolution;"Period of revolution of a body around a primary one (similar to year)";ivoasem:UCDSyntaxCode(`Q)
time.period.rotation;1;time.period.rotation;"Period of rotation of a body around its axis (similar to day)";ivoasem:UCDSyntaxCode(`Q)
time.phase;1;time.phase;"Phase, position within a period";ivoasem:UCDSyntaxCode(`Q)
time.processing;1;time.processing;"A time/date associated with the processing of data";ivoasem:UCDSyntaxCode(`Q)
time.publiYear;1;time.publiYear;"Publication year";ivoasem:UCDSyntaxCode(`Q)
time.relax;1;time.relax;"Relaxation time";ivoasem:UCDSyntaxCode(`Q)
time.release;1;time.release;"The time/date data is available to the public";ivoasem:UCDSyntaxCode(`Q)
time.resolution;1;time.resolution;"Time resolution";ivoasem:UCDSyntaxCode(`Q)
time.scale;1;time.scale;"Timescale";ivoasem:UCDSyntaxCode(`Q)
time.start;1;time.start;"Start time/date of generic event";ivoasem:UCDSyntaxCode(`Q)
